PitcherId,id,Pitcher,birthDate,height,height_ft,pitchHand,primaryPosition,active,team,Temporada_Anio,strikeZoneTop,strikeZoneBottom
1.0,1,,1900-01-01,"0'0""",6.4,Right,N/A,true,SIN_EQUIPO,Verano-2025,3.543,1.609
2.0,2,,1900-01-01,"0'0""",6.4,Left,N/A,true,SIN_EQUIPO,Verano-2025,3.543,1.609
667918.0,667918,"Casillas, Erick",1997-01-01,"5' 10""",5.833,Right,Pitcher,true,GEN_MEX,Verano-2025,,
692601.0,692601,"Rodriguez, Erick",2002-03-21,"5' 10""",5.833,Right,Pitcher,true,SUL_MON,Verano-2025,,
678713.0,678713,"Contreras, Efrain",2000-01-02,"5' 10""",5.833,Right,Pitcher,true,DIA_ROJ,Verano-2025,,
502515.0,502515,"Barron, Raul",1986-04-04,"5' 10""",5.833,Right,Pitcher,true,OLM_MEX,Verano-2025,,
644429.0,644429,"Severino, Anderson",1994-09-17,"5' 10""",5.833,Left,Pitcher,true,ACE_MEX,Verano-2025,,
666627.0,666627,"Carrera, Faustino",1999-03-09,"5' 10""",5.833,Left,Pitcher,true,BRA_MEX,Verano-2025,,
679001.0,679001,"Torres-Perez, Braulio",1993-04-09,"5' 10""",5.833,Left,Pitcher,true,SAR_SAL,Verano-2025,,
834726.0,834726,"Neira, Miguel",2004-09-07,"5' 10""",5.833,Left,Pitcher,true,OLM_MEX,Verano-2025,,
645307.0,645307,"Sánchez, Ricardo",1997-04-11,"5' 10""",5.833,Left,Pitcher,true,VAQ_LAG,Verano-2025,,
678669.0,678669,"Carrillo, Alejandro",2000-02-05,"5' 10""",5.833,Left,Pitcher,true,PER_MEX,Verano-2025,,
656954.0,656954,"Sheffield, Justus",1996-05-13,"5' 10""",5.833,Left,Pitcher,true,SUL_MON,Verano-2025,,
663894.0,663894,"Gilliam, Ryley",1996-08-11,"5' 10""",5.833,Right,Pitcher,true,ACE_MEX,Verano-2025,,
544365.0,544365,"Bañuelos, Manny",1991-03-13,"5' 10""",5.833,Left,Pitcher,true,SUL_MON,Verano-2025,,
679304.0,679304,"Birlingmair, Reid",1996-11-13,"5' 10""",5.833,Right,Pitcher,true,GUE_MEX,Verano-2025,,
703006.0,703006,"Sauceda, Jorge",2002-01-17,"5' 10""",5.833,Right,Pitcher,true,GEN_MEX,Verano-2025,,
593468.0,593468,"Custodio, Claudio",1990-10-30,"5' 10""",5.833,Right,Pitcher,true,PER_MEX,Verano-2025,,
502179.0,502179,"Espino, Paolo",1987-01-10,"5' 10""",5.833,Right,Pitcher,true,CON_QUE,Verano-2025,,
806517.0,806517,"Arias, Saul",2004-08-16,"5' 10""",5.833,Right,Pitcher,true,DIA_ROJ,Verano-2025,,
616570.0,616570,"Sanchez, Daniel",1992-12-16,"5' 10""",5.833,Right,Catcher,true,ROJ_MEX,Verano-2025,,
684871.0,684871,"Mejia, Enmanuel",1998-12-22,"5' 11""",5.917,Right,Pitcher,true,GUE_MEX,Verano-2025,,
650980.0,650980,"Zazueta, Samuel",1996-11-21,"5' 11""",5.917,Left,Pitcher,true,SAR_SAL,Verano-2025,,
801994.0,801994,"Martinez, R.J.",1998-09-14,"5' 11""",5.917,Left,Pitcher,true,GEN_MEX,Verano-2025,,
666674.0,666674,"Colina, Edwar",1997-05-03,"5' 11""",5.917,Right,Pitcher,true,GUE_MEX,Verano-2025,,
622739.0,622739,"Gracia, Ariel",1994-09-17,"5' 11""",5.917,Left,Pitcher,true,TIG_QUI,Verano-2025,,
600914.0,600914,"Joaquin, Ulises",1992-06-11,"5' 11""",5.917,Right,Pitcher,true,CON_QUE,Verano-2025,,
643354.0,643354,"Hart, Donnie",1990-09-06,"5' 11""",5.917,Left,Pitcher,true,ROJ_MEX,Verano-2025,,
684118.0,684118,"Buelna, Victor",1999-04-04,"5' 11""",5.917,Right,Pitcher,true,AGU_VER,Verano-2025,,
828656.0,828656,"Villavicencio, Luis",2004-02-06,"5' 11""",5.917,Right,Pitcher,true,CHA_JAL1,Verano-2025,,
665958.0,665958,"Torres, Darel",1999-01-05,"5' 11""",5.917,Right,Pitcher,true,DOR_CHI,Verano-2025,,
670328.0,670328,"Gámez, Juan",1994-03-07,"5' 11""",5.917,Right,Pitcher,true,SUL_MON,Verano-2025,,
820829.0,820829,"Hasty, Charlie",1997-03-22,"5' 11""",5.917,Right,Pitcher,true,PER_MEX,Verano-2025,,
680660.0,680660,"Valenzuela, Oscar",2001-03-02,"5' 11""",5.917,Right,Pitcher,true,GUE_MEX,Verano-2025,,
675188.0,675188,"Villalobos, Hector",1996-08-19,"5' 11""",5.917,Left,Pitcher,true,PER_MEX,Verano-2025,,
806883.0,806883,"Ramirez, Luis",2004-11-01,"5' 11""",5.917,Right,Pitcher,true,LEO_MEX,Verano-2025,,
815773.0,815773,"Cuello, Oscar",2002-07-29,"5' 11""",5.917,Left,Pitcher,false,REI_MEX,Verano-2025,,
660671.0,660671,"Pantoja, Yorvin",1997-09-22,"5' 11""",5.917,Left,Pitcher,true,TIG_QUI,Verano-2025,,
672550.0,672550,"Correa, Danis",1999-08-26,"5' 11""",5.917,Right,Pitcher,true,VAQ_LAG,Verano-2025,,
681659.0,681659,"Rodriguez, Jorge",2000-08-25,"5' 11""",5.917,Left,Pitcher,true,ACE_MEX,Verano-2025,,
671760.0,671760,"Jimenez, Mario",1995-12-06,"5' 11""",5.917,Right,Pitcher,true,AGU_VER,Verano-2025,,
678789.0,678789,"Robaina, Julio",2001-03-23,"5' 11""",5.917,Left,Pitcher,true,TIG_QUI,Verano-2025,,
690345.0,690345,"Garcia, Pedro",1995-03-21,"5' 11""",5.917,Right,Pitcher,true,BRA_MEX,Verano-2025,,
592865.0,592865,"Williams, Taylor",1991-07-21,"5' 11""",5.917,Right,Pitcher,true,VAQ_LAG,Verano-2025,,
622103.0,622103,"Reyes, Gerardo",1993-05-13,"5' 11""",5.917,Right,Pitcher,true,DIA_ROJ,Verano-2025,,
642532.0,642532,"Miranda, Luis",1994-09-05,"5' 11""",5.917,Right,Pitcher,true,GUE_MEX,Verano-2025,,
664284.0,664284,"Espinal, Carlos",1996-10-21,"5' 11""",5.917,Right,Pitcher,true,BRA_MEX,Verano-2025,,
594582.0,594582,"Negrin, Yoanner",1984-04-29,"5' 11""",5.917,Right,Pitcher,true,LEO_MEX,Verano-2025,,
677369.0,677369,"Warner, Austin",1994-06-27,"5' 11""",5.917,Left,Pitcher,true,ACE_MEX,Verano-2025,,
532893.0,532893,"Salas, Ivan",1990-12-30,"5' 11""",5.917,Left,Pitcher,true,OLM_MEX,Verano-2025,,
650605.0,650605,"Saldana, Abdiel",1996-03-13,"5' 11""",5.917,Right,Pitcher,true,DOR_CHI,Verano-2025,,
664714.0,664714,"Newsome, Ljay",1996-11-08,"5' 11""",5.917,Right,Pitcher,true,PIR_MEX,Verano-2025,,
677076.0,677076,"Andrews, Clayton",1997-01-04,"5' 6""",5.5,Left,Pitcher,true,TIG_QUI,Verano-2025,,
661265.0,661265,"Yera, Yoennis",1989-10-18,"5' 7""",5.583,Left,Pitcher,true,OLM_MEX,Verano-2025,,
802392.0,802392,"Medina, Carlos",2004-11-08,"5' 7""",5.583,Right,Unknown,true,SUL_MON,Verano-2025,,
802389.0,802389,"Felix, Isaias",2002-10-16,"5' 7""",5.583,Left,Pitcher,true,VAQ_LAG,Verano-2025,,
681753.0,681753,"Hernandez, Adrian",2000-01-22,"5' 8""",5.667,Right,Pitcher,true,LEO_MEX,Verano-2025,,
703721.0,703721,"Izaguirre, Ivan",2001-09-16,"5' 8""",5.667,Right,Pitcher,true,SAR_SAL,Verano-2025,,
832718.0,832718,"Gamez, Josue",2002-05-15,"5' 8""",5.667,Right,Pitcher,true,DOR_CHI,Verano-2025,,
834960.0,834960,"Martinez, Oscar",2006-03-02,"5' 8""",5.667,Right,Pitcher,true,LEO_MEX,Verano-2025,,
835302.0,835302,"Itoh, Sho",1999-02-10,"5' 8""",5.667,Right,Pitcher,true,PIR_MEX,Verano-2025,,
802568.0,802568,"Zazueta, Daniel",2000-10-13,"5' 8""",5.667,Left,Pitcher,true,PER_MEX,Verano-2025,,
810862.0,810862,"Lopez, Angel",2002-09-16,"5' 8""",5.667,Left,Pitcher,true,BRA_MEX,Verano-2025,,
692272.0,692272,"Zenizo, Javier",2003-01-13,"5' 8""",5.667,Right,Pitcher,true,CON_QUE,Verano-2025,,
815670.0,815670,"Arias, Isaac",2004-05-16,"5' 8""",5.667,Right,Catcher,true,REI_MEX,Verano-2025,,
664823.0,664823,"Gutierrez, David",1993-08-18,"5' 9""",5.75,Right,Pitcher,true,TOR_TIJ,Verano-2025,,
667904.0,667904,"Marquez, Jose Isidro",1994-06-17,"5' 9""",5.75,Right,Pitcher,true,PIR_MEX,Verano-2025,,
670219.0,670219,"Kristofak, Zac",1997-12-08,"5' 9""",5.75,Right,Pitcher,true,PIR_MEX,Verano-2025,,
803170.0,803170,"Muniz, Fabian",1998-10-21,"5' 9""",5.75,Right,Pitcher,true,CON_QUE,Verano-2025,,
547921.0,547921,"Silva, Tiago Da",1985-03-28,"5' 9""",5.75,Right,Pitcher,true,GEN_MEX,Verano-2025,,
683124.0,683124,"Olguin, Fernando",2001-03-04,"5' 9""",5.75,Right,Pitcher,true,REI_MEX,Verano-2025,,
832573.0,832573,"Soria, Oscar",2004-08-24,"5' 9""",5.75,Right,Pitcher,true,ACE_MEX,Verano-2025,,
645179.0,645179,"Rodriguez, Luis Ivan",1996-08-24,"5' 9""",5.75,Right,Pitcher,true,CHA_JAL1,Verano-2025,,
634323.0,634323,"Quinones, Jorge",1994-09-16,"5' 9""",5.75,Left,Pitcher,true,TIG_QUI,Verano-2025,,
702924.0,702924,"Rodriguez, Edgar",1988-01-29,"5' 9""",5.75,Right,Pitcher,true,PER_MEX,Verano-2025,,
445995.0,445995,"Lopez, Arturo",1983-02-22,"5' 9""",5.75,Left,Pitcher,true,DIA_ROJ,Verano-2025,,
832709.0,832709,"Salomon, Angel",2002-08-24,"5' 9""",5.75,Right,Pitcher,true,AGU_VER,Verano-2025,,
700587.0,700587,"Marquez, Luis",1997-11-29,"5' 9""",5.75,Left,Pitcher,true,AGU_VER,Verano-2025,,
685692.0,685692,"Valenzuela, Vicente",2001-06-01,"5' 9""",5.75,Right,Pitcher,true,TIG_QUI,Verano-2025,,
690909.0,690909,"Cruz, Daniel",1999-09-08,"5' 9""",5.75,Right,Pitcher,true,BRA_MEX,Verano-2025,,
511648.0,511648,"Garzon, Antonio",1985-03-07,"5' 9""",5.75,Left,Pitcher,true,DOR_CHI,Verano-2025,,
678752.0,678752,"Avila, Luis De",2001-05-29,"5' 9""",5.75,Left,Pitcher,true,PER_MEX,Verano-2025,,
832719.0,832719,"Rojo, Santiago",2006-07-05,"5' 9""",5.75,Right,Pitcher,true,BRA_MEX,Verano-2025,,
670369.0,670369,"Torres, Christian",1993-09-07,"6' 0""",6.0,Left,Pitcher,true,DOR_CHI,Verano-2025,,
700071.0,700071,"Tovalin, Alexandro",1997-11-25,"6' 0""",6.0,Right,Pitcher,true,SAR_SAL,Verano-2025,,
641501.0,641501,"Danish, Tyler",1994-09-12,"6' 0""",6.0,Right,Pitcher,true,OLM_MEX,Verano-2025,,
608167.0,608167,"Aro, Jonathan",1990-10-10,"6' 0""",6.0,Right,Pitcher,true,AGU_VER,Verano-2025,,
628333.0,628333,"Despaigne, Odrisamer",1987-04-04,"6' 0""",6.0,Right,Pitcher,true,LEO_MEX,Verano-2025,,
641995.0,641995,"Ramírez, Roel",1995-05-26,"6' 0""",6.0,Right,Pitcher,true,TOR_TIJ,Verano-2025,,
683517.0,683517,"Garcia, Jorge",2002-05-10,"6' 0""",6.0,Right,Pitcher,true,GEN_MEX,Verano-2025,,
675540.0,675540,"Curry, Xzavion",1998-07-27,"6' 0""",6.0,Right,Pitcher,true,TIG_QUI,Verano-2025,,
687455.0,687455,"Cossio, Juan",1999-01-10,"6' 0""",6.0,Right,Pitcher,true,TIG_QUI,Verano-2025,,
664739.0,664739,"Garcia, Alan",1997-01-31,"6' 0""",6.0,Left,Outfielder,true,BRA_MEX,Verano-2025,,
670625.0,670625,"Moyers, Steven",1993-09-27,"6' 0""",6.0,Left,Pitcher,true,TIG_QUI,Verano-2025,,
657122.0,657122,"Williams, Ronnie",1996-01-06,"6' 0""",6.0,Right,Pitcher,true,LEO_MEX,Verano-2025,,
619854.0,619854,"Bustamante, Carlos",1994-09-25,"6' 0""",6.0,Right,Pitcher,true,PIR_MEX,Verano-2025,,
824049.0,824049,"Becerra, Alonso",2004-07-06,"6' 0""",6.0,Left,Pitcher,true,SUL_MON,Verano-2025,,
620982.0,620982,"Pinto, Ricardo",1994-01-20,"6' 0""",6.0,Right,Pitcher,true,DIA_ROJ,Verano-2025,,
800079.0,800079,"Alvarado, Cristian",2003-07-06,"6' 0""",6.0,Right,Pitcher,true,PER_MEX,Verano-2025,,
553868.0,553868,"Elenes, Norman",1992-07-10,"6' 0""",6.0,Right,Pitcher,true,AGU_VER,Verano-2025,,
669476.0,669476,"Walters, Jake",1996-03-11,"6' 0""",6.0,Right,Pitcher,true,GEN_MEX,Verano-2025,,
808721.0,808721,"Kelly, Kevin",1990-05-27,"6' 0""",6.0,Right,Pitcher,true,DOR_CHI,Verano-2025,,
642563.0,642563,"Vizcaíno, Raffi",1995-12-02,"6' 0""",6.0,Right,Pitcher,true,REI_MEX,Verano-2025,,
570666.0,570666,"Cessa, Luis",1992-04-25,"6' 0""",6.0,Right,Pitcher,true,SUL_MON,Verano-2025,,
832567.0,832567,"Kim, Gyeongju",1998-12-15,"6' 0""",6.0,Right,Pitcher,true,PIR_MEX,Verano-2025,,
672558.0,672558,"Perez, Cleiverth",2000-02-05,"6' 0""",6.0,Left,Pitcher,true,PER_MEX,Verano-2025,,
805749.0,805749,"Tedesco, Brady",1996-10-17,"6' 0""",6.0,Left,Pitcher,true,DOR_CHI,Verano-2025,,
642664.0,642664,"Bautista, Wendolyn",1993-03-27,"6' 0""",6.0,Right,Pitcher,true,REI_MEX,Verano-2025,,
542278.0,542278,"Quintero, Fredy",1987-12-29,"6' 0""",6.0,Right,Pitcher,true,CON_QUE,Verano-2025,,
672767.0,672767,"Carrasco, Deury",1999-09-20,"6' 0""",6.0,Right,Pitcher,true,GEN_MEX,Verano-2025,,
547862.0,547862,"Reyes, David",1990-04-12,"6' 0""",6.0,Right,Pitcher,true,TOR_TIJ,Verano-2025,,
816330.0,816330,"Foster, Kobe",1998-04-16,"6' 0""",6.0,Left,Pitcher,false,TIG_QUI,Verano-2025,,
570810.0,570810,"Bonilla, Lisalverto",1990-06-18,"6' 0""",6.0,Right,Pitcher,true,BRA_MEX,Verano-2025,,
547176.0,547176,"Camarena, Daniel",1992-11-09,"6' 0""",6.0,Left,Pitcher,true,ROJ_MEX,Verano-2025,,
641582.0,641582,"Foster, Matt",1995-01-27,"6' 0""",6.0,Right,Pitcher,true,VAQ_LAG,Verano-2025,,
800545.0,800545,"Hernandez, Diego",2004-08-12,"6' 0""",6.0,Right,Pitcher,true,ROJ_MEX,Verano-2025,,
477584.0,477584,"Solis, Tomas",1982-10-02,"6' 0""",6.0,Left,Pitcher,true,REI_MEX,Verano-2025,,
700005.0,700005,"Perez, Hector",1996-10-09,"6' 0""",6.0,Right,Pitcher,false,GEN_MEX,Verano-2025,,
677644.0,677644,"Perez, Brayan",2000-09-05,"6' 0""",6.0,Left,Pitcher,true,ACE_MEX,Verano-2025,,
682926.0,682926,"Bautista, Jorge",2000-12-10,"6' 0""",6.0,Right,Pitcher,true,GEN_MEX,Verano-2025,,
664848.0,664848,"Sands, Donny",1996-05-16,"6' 0""",6.0,Right,Catcher,true,CHA_JAL1,Verano-2025,,
680024.0,680024,"Frutos, Jose",1997-07-07,"6' 0""",6.0,Right,Pitcher,true,AGU_VER,Verano-2025,,
678977.0,678977,"Herrera, Martin",2000-09-22,"6' 0""",6.0,Right,Pitcher,true,PIR_MEX,Verano-2025,,
477555.0,477555,"Rodriguez, Erick",1979-11-27,"6' 0""",6.0,Right,Catcher,false,SUL_MON,Verano-2025,,
681817.0,681817,"Mort, Zach",1997-05-22,"6' 0""",6.0,Right,Pitcher,true,SAR_SAL,Verano-2025,,
466463.0,466463,"Rodriguez, Pedro",1987-10-31,"6' 0""",6.0,Right,Pitcher,true,DOR_CHI,Verano-2025,,
448855.0,448855,"Guerra, Junior",1985-01-16,"6' 0""",6.0,Right,Pitcher,true,ROJ_MEX,Verano-2025,,
622415.0,622415,"Vizcaya, Anthony",1993-10-24,"6' 0""",6.0,Right,Pitcher,true,ROJ_MEX,Verano-2025,,
514919.0,514919,"Pirela, Jesus",1989-03-13,"6' 0""",6.0,Right,Pitcher,true,SUL_MON,Verano-2025,,
642511.0,642511,"Hernandez, Arnaldo",1996-02-09,"6' 0""",6.0,Right,Pitcher,true,CON_QUE,Verano-2025,,
592761.0,592761,"Smith, Caleb",1991-07-28,"6' 0""",6.0,Left,Pitcher,true,DOR_CHI,Verano-2025,,
643316.0,643316,"Fry, Paul",1992-07-26,"6' 0""",6.0,Left,Pitcher,true,SUL_MON,Verano-2025,,
681626.0,681626,"Diaz, Moises",2001-04-27,"6' 0""",6.0,Right,Pitcher,true,PER_MEX,Verano-2025,,
667498.0,667498,"Dugger, Robert",1995-07-03,"6' 0""",6.0,Right,Pitcher,true,GUE_MEX,Verano-2025,,
677743.0,677743,"Simon, Mark",1995-08-04,"6' 0""",6.0,Right,Pitcher,true,ACE_MEX,Verano-2025,,
667465.0,667465,"Fletcher, Aaron",1996-02-25,"6' 0""",6.0,Left,Pitcher,true,LEO_MEX,Verano-2025,,
660850.0,660850,"Robles, Juan",1997-11-06,"6' 0""",6.0,Right,Pitcher,true,CHA_JAL1,Verano-2025,,
616617.0,616617,"Gusman, Adrian",1991-08-05,"6' 0""",6.0,Left,Pitcher,true,CON_QUE,Verano-2025,,
807774.0,807774,"Smith, Tucker",1997-07-04,"6' 0""",6.0,Right,Pitcher,true,REI_MEX,Verano-2025,,
622426.0,622426,"Almeida, Adrian",1995-02-25,"6' 0""",6.0,Left,Pitcher,true,REI_MEX,Verano-2025,,
622556.0,622556,"García, Elniery",1994-12-24,"6' 0""",6.0,Left,Pitcher,true,REI_MEX,Verano-2025,,
683689.0,683689,"Reyes, Carlo",1998-07-04,"6' 0""",6.0,Right,Pitcher,true,REI_MEX,Verano-2025,,
681619.0,681619,"Hernandez, Robinson",1999-06-11,"6' 0""",6.0,Right,Pitcher,true,AGU_VER,Verano-2025,,
691714.0,691714,"Ribon, Kevin",2002-09-20,"6' 0""",6.0,Right,Pitcher,true,OLM_MEX,Verano-2025,,
828454.0,828454,"Salazar, Pedro",2003-06-13,"6' 0""",6.0,Left,Pitcher,true,CHA_JAL1,Verano-2025,,
642073.0,642073,"Sherfy, Jimmie",1991-12-27,"6' 0""",6.0,Right,Pitcher,true,TOR_TIJ,Verano-2025,,
691869.0,691869,"McKenna, Brian",1992-11-19,"6' 0""",6.0,Right,Pitcher,true,REI_MEX,Verano-2025,,
502026.0,502026,"Jeffress, Jeremy",1987-09-21,"6' 0""",6.0,Right,Pitcher,true,TIG_QUI,Verano-2025,,
678287.0,678287,"Melean, Alejandro",2000-10-11,"6' 0""",6.0,Right,Pitcher,true,CHA_JAL1,Verano-2025,,
640959.0,640959,"Paricaguan, Jesus",1995-12-03,"6' 0""",6.0,Right,Pitcher,true,SAR_SAL,Verano-2025,,
670161.0,670161,"Dunshee, Parker",1995-02-12,"6' 0""",6.0,Right,Pitcher,true,TOR_TIJ,Verano-2025,,
658069.0,658069,"Fuentes, Joshua",1993-02-19,"6' 0""",6.0,Right,Third Base,true,CHA_JAL1,Verano-2025,,
811812.0,811812,"Monroy, Jorge",2002-03-21,"6' 1""",6.083,Right,Pitcher,true,DIA_ROJ,Verano-2025,,
503449.0,503449,"Peralta, Wily",1989-05-08,"6' 1""",6.083,Right,Pitcher,true,DOR_CHI,Verano-2025,,
658140.0,658140,"Rios, Wilmer",1994-03-03,"6' 1""",6.083,Right,Pitcher,true,ACE_MEX,Verano-2025,,
643320.0,643320,"Gardewine, Nick",1993-08-15,"6' 1""",6.083,Right,Pitcher,true,AGU_VER,Verano-2025,,
601980.0,601980,"Franzua, Geronimo",1993-09-25,"6' 1""",6.083,Left,Pitcher,true,SUL_MON,Verano-2025,,
663447.0,663447,"Kahaloa, Ian",1997-10-03,"6' 1""",6.083,Right,Pitcher,true,OLM_MEX,Verano-2025,,
641754.0,641754,"Kinley, Jeff",1992-02-15,"6' 1""",6.083,Left,Pitcher,true,OLM_MEX,Verano-2025,,
592127.0,592127,"Barbato, Johnny",1992-07-11,"6' 1""",6.083,Right,Pitcher,true,TIG_QUI,Verano-2025,,
642545.0,642545,"Barria, Jaime",1996-07-18,"6' 1""",6.083,Right,Pitcher,true,VAQ_LAG,Verano-2025,,
661269.0,661269,"Gutierrez, Vladimir",1995-09-18,"6' 1""",6.083,Right,Pitcher,true,PER_MEX,Verano-2025,,
643518.0,643518,"Samayoa, Jose",1990-03-09,"6' 1""",6.083,Right,Pitcher,true,OLM_MEX,Verano-2025,,
682029.0,682029,"Curlis, Connor",1996-11-29,"6' 1""",6.083,Left,Pitcher,true,AGU_VER,Verano-2025,,
452061.0,452061,"Phillips, Zach",1986-09-21,"6' 1""",6.083,Left,Pitcher,true,CON_QUE,Verano-2025,,
501697.0,501697,"Mariñez, Jhan",1988-08-12,"6' 1""",6.083,Right,Pitcher,true,CON_QUE,Verano-2025,,
679033.0,679033,"Zapata, Juan",1998-11-19,"6' 1""",6.083,Right,Pitcher,true,REI_MEX,Verano-2025,,
604596.0,604596,"Delgado, Alex",1994-11-01,"6' 1""",6.083,Left,Pitcher,true,TIG_QUI,Verano-2025,,
616623.0,616623,"Fierro, Edwin",1993-08-30,"6' 1""",6.083,Right,Pitcher,true,DIA_ROJ,Verano-2025,,
596043.0,596043,"Mengden, Daniel",1993-02-19,"6' 1""",6.083,Right,Pitcher,true,ROJ_MEX,Verano-2025,,
686734.0,686734,"Roque, Arturo",2000-12-02,"6' 1""",6.083,Right,Pitcher,true,SUL_MON,Verano-2025,,
674375.0,674375,"Arias, Dayeison",1997-01-07,"6' 1""",6.083,Right,Pitcher,true,TIG_QUI,Verano-2025,,
631229.0,631229,"Rodriguez, Dalton",1996-08-20,"6' 1""",6.083,Right,Pitcher,true,CON_QUE,Verano-2025,,
684544.0,684544,"Endersby, Jimmy",1998-01-16,"6' 1""",6.083,Right,Pitcher,true,LEO_MEX,Verano-2025,,
621591.0,621591,"Gutierrez, Alfred",1995-06-12,"6' 1""",6.083,Right,Pitcher,true,PER_MEX,Verano-2025,,
685763.0,685763,"Bernal, Jonatan",2002-06-29,"6' 1""",6.083,Right,Pitcher,true,LEO_MEX,Verano-2025,,
666371.0,666371,"Trogrlic-Iverson, Nick",1997-10-03,"6' 1""",6.083,Right,Pitcher,true,REI_MEX,Verano-2025,,
585132.0,585132,"Carrillo, Raul",1991-11-20,"6' 1""",6.083,Right,Pitcher,true,OLM_MEX,Verano-2025,,
674455.0,674455,"Gervacio, Yeury",1999-07-01,"6' 1""",6.083,Left,Pitcher,true,TIG_QUI,Verano-2025,,
691376.0,691376,"Medina, Irving",2003-06-12,"6' 1""",6.083,Right,Pitcher,true,GEN_MEX,Verano-2025,,
681853.0,681853,"Parra, Franklin",1999-09-13,"6' 1""",6.083,Left,Pitcher,true,ACE_MEX,Verano-2025,,
571479.0,571479,"Bellatti, Andrew",1991-08-05,"6' 1""",6.083,Right,Pitcher,true,BRA_MEX,Verano-2025,,
510552.0,510552,"Mendez, Ozzie",1988-04-16,"6' 1""",6.083,Left,Pitcher,true,GEN_MEX,Verano-2025,,
595411.0,595411,"Sherriff, Ryan",1990-05-25,"6' 1""",6.083,Left,Pitcher,true,LEO_MEX,Verano-2025,,
813817.0,813817,"Hernandez, Pavel",1996-12-02,"6' 1""",6.083,Right,Pitcher,true,CHA_JAL1,Verano-2025,,
681891.0,681891,"Greene, Zach",1996-08-29,"6' 1""",6.083,Right,Pitcher,true,PIR_MEX,Verano-2025,,
605309.0,605309,"Kela, Keone",1993-04-16,"6' 1""",6.083,Right,Pitcher,true,ROJ_MEX,Verano-2025,,
656103.0,656103,"Cabrera, Ismael",1994-06-19,"6' 1""",6.083,Right,Pitcher,true,BRA_MEX,Verano-2025,,
672730.0,672730,"Then, Juan",2000-02-07,"6' 1""",6.083,Right,Pitcher,true,BRA_MEX,Verano-2025,,
807586.0,807586,"Araujo, Omar",1999-02-07,"6' 1""",6.083,Right,Pitcher,true,VAQ_LAG,Verano-2025,,
665894.0,665894,"Rijo, Luis",1998-09-06,"6' 1""",6.083,Right,Pitcher,true,GEN_MEX,Verano-2025,,
832572.0,832572,"Perez, Hector",1900-01-01,"6' 1""",6.083,Right,Pitcher,true,GEN_MEX,Verano-2025,,
622066.0,622066,"Alexander, Tyler",1991-09-22,"6' 1""",6.083,Left,Pitcher,true,CON_QUE,Verano-2025,,
678660.0,678660,"Vargas, Victor",2000-09-03,"6' 1""",6.083,Right,Pitcher,true,PER_MEX,Verano-2025,,
672911.0,672911,"Cruz, Jesus",1995-04-15,"6' 1""",6.083,Right,Pitcher,true,SAR_SAL,Verano-2025,,
542467.0,542467,"Camacho, Yoimer",1990-02-24,"6' 1""",6.083,Right,Pitcher,true,PER_MEX,Verano-2025,,
678804.0,678804,"Cruz, José",2000-05-18,"6' 1""",6.083,Right,Pitcher,true,GEN_MEX,Verano-2025,,
703655.0,703655,"Kubiuk, Dan",1995-09-30,"6' 1""",6.083,Right,Pitcher,true,PIR_MEX,Verano-2025,,
668869.0,668869,"Thomas, Tyler",1995-12-22,"6' 1""",6.083,Left,Pitcher,true,PIR_MEX,Verano-2025,,
666204.0,666204,"Jiménez, Dany",1993-12-23,"6' 1""",6.083,Right,Pitcher,true,REI_MEX,Verano-2025,,
681856.0,681856,"Ponticelli, Thomas",1997-04-15,"6' 1""",6.083,Right,Pitcher,true,TIG_QUI,Verano-2025,,
664042.0,664042,"Sr., Travis Lakins",1994-06-29,"6' 1""",6.083,Right,Pitcher,true,VAQ_LAG,Verano-2025,,
832574.0,832574,"Rodriguez, Sergio",2005-07-12,"6' 1""",6.083,Right,Pitcher,true,DOR_CHI,Verano-2025,,
802017.0,802017,"Otero, Amauri",2005-02-19,"6' 1""",6.083,Left,Pitcher,true,GEN_MEX,Verano-2025,,
833070.0,833070,"Peniche, Pedro",2005-01-18,"6' 1""",6.083,Right,Pitcher,true,TIG_QUI,Verano-2025,,
836035.0,836035,"Gonzalez, Alexis",2008-09-23,"6' 1""",6.083,Right,Pitcher,true,LEO_MEX,Verano-2025,,
592222.0,592222,"Claudio, Alex",1992-01-31,"6' 2""",6.167,Left,Pitcher,true,SAR_SAL,Verano-2025,,
660875.0,660875,"Reyes, Jesús",1993-02-21,"6' 2""",6.167,Right,Pitcher,true,VAQ_LAG,Verano-2025,,
650828.0,650828,"Santana, Edgar",1991-10-16,"6' 2""",6.167,Right,Pitcher,true,PER_MEX,Verano-2025,,
660508.0,660508,"Gudiño, Norwith",1995-11-22,"6' 2""",6.167,Right,Pitcher,true,OLM_MEX,Verano-2025,,
621248.0,621248,"Garza Jr., Ralph",1994-04-06,"6' 2""",6.167,Right,Pitcher,true,TOR_TIJ,Verano-2025,,
664641.0,664641,"Miranda, Aríel",1989-01-10,"6' 2""",6.167,Left,Pitcher,true,CON_QUE,Verano-2025,,
595881.0,595881,"Beede, Tyler",1993-05-23,"6' 2""",6.167,Right,Pitcher,true,DIA_ROJ,Verano-2025,,
663453.0,663453,"Quijada, Hazahel",1997-09-18,"6' 2""",6.167,Left,Pitcher,true,LEO_MEX,Verano-2025,,
663603.0,663603,"Bates, Solomon",1997-03-16,"6' 2""",6.167,Right,Pitcher,true,GUE_MEX,Verano-2025,,
682640.0,682640,"Rodriguez, Osiel",2001-11-22,"6' 2""",6.167,Right,Pitcher,true,BRA_MEX,Verano-2025,,
646081.0,646081,"Benoit, Rodrigo",1994-02-23,"6' 2""",6.167,Right,Pitcher,true,BRA_MEX,Verano-2025,,
472551.0,472551,"Abad, Fernando",1985-12-17,"6' 2""",6.167,Left,Pitcher,true,VAQ_LAG,Verano-2025,,
665001.0,665001,"Kelley, Trevor",1992-10-20,"6' 2""",6.167,Right,Pitcher,true,LEO_MEX,Verano-2025,,
642856.0,642856,"Anguamea, Fabian",1993-12-21,"6' 2""",6.167,Right,Pitcher,true,AGU_VER,Verano-2025,,
677541.0,677541,"Vassalotti, Michele",2000-08-02,"6' 2""",6.167,Right,Pitcher,true,TIG_QUI,Verano-2025,,
491624.0,491624,"Valdez, César",1985-03-17,"6' 2""",6.167,Right,Pitcher,true,LEO_MEX,Verano-2025,,
642530.0,642530,"Reyes, Luis",1994-09-26,"6' 2""",6.167,Right,Pitcher,true,ACE_MEX,Verano-2025,,
676949.0,676949,"Hogan, Miller",1996-07-18,"6' 2""",6.167,Right,Pitcher,true,PIR_MEX,Verano-2025,,
573185.0,573185,"Straily, Dan",1988-12-01,"6' 2""",6.167,Right,Pitcher,true,DIA_ROJ,Verano-2025,,
834996.0,834996,"Kowalski, Benjamin",1999-06-28,"6' 2""",6.167,Right,Pitcher,true,DOR_CHI,Verano-2025,,
665093.0,665093,"Grotz, Zac",1993-02-17,"6' 2""",6.167,Right,Pitcher,true,CHA_JAL1,Verano-2025,,
681322.0,681322,"Grace, Regi",1999-12-10,"6' 2""",6.167,Right,Pitcher,true,GEN_MEX,Verano-2025,,
622742.0,622742,"Cordova, Rafael",1994-11-16,"6' 2""",6.167,Right,Pitcher,true,CHA_JAL1,Verano-2025,,
656839.0,656839,"Perez, Jorge",1993-07-10,"6' 2""",6.167,Right,Pitcher,true,TOR_TIJ,Verano-2025,,
543833.0,543833,"Sulbaran, Juan Carlos",1989-11-09,"6' 2""",6.167,Right,Pitcher,true,REI_MEX,Verano-2025,,
647306.0,647306,"Onyshko, Ben",1996-10-18,"6' 2""",6.167,Left,Pitcher,true,TIG_QUI,Verano-2025,,
570714.0,570714,"Vargas, César",1991-12-30,"6' 2""",6.167,Right,Pitcher,true,SUL_MON,Verano-2025,,
681938.0,681938,"Reyes, Angel",1997-10-17,"6' 2""",6.167,Right,Pitcher,true,SAR_SAL,Verano-2025,,
680970.0,680970,"Pérez, Andrew",1997-07-25,"6' 2""",6.167,Left,Pitcher,true,CHA_JAL1,Verano-2025,,
502253.0,502253,"Sanabia, Alex",1988-09-08,"6' 2""",6.167,Right,Pitcher,true,TOR_TIJ,Verano-2025,,
641241.0,641241,"Galvan, Hector",1987-11-06,"6' 2""",6.167,Right,Pitcher,true,AGU_VER,Verano-2025,,
663537.0,663537,"Olsen, Jon",1997-05-13,"6' 2""",6.167,Right,Pitcher,true,PIR_MEX,Verano-2025,,
703722.0,703722,"Vazquez, Miguel",1995-11-18,"6' 2""",6.167,Right,Pitcher,true,VAQ_LAG,Verano-2025,,
803197.0,803197,"Fregozo, Marco",2001-05-22,"6' 2""",6.167,Right,Pitcher,true,REI_MEX,Verano-2025,,
832570.0,832570,"Leon, Miguel",2002-12-04,"6' 2""",6.167,Right,Pitcher,true,VAQ_LAG,Verano-2025,,
692643.0,692643,"Borges, Ernesto",2001-05-17,"6' 2""",6.167,Right,Pitcher,true,PIR_MEX,Verano-2025,,
673140.0,673140,"Leyva, Elian",1989-03-17,"6' 2""",6.167,Right,Pitcher,true,CHA_JAL1,Verano-2025,,
691928.0,691928,"Ress, Patricio",2003-06-26,"6' 2""",6.167,Right,Pitcher,true,ACE_MEX,Verano-2025,,
642620.0,642620,"Parra, Olbis",1994-10-01,"6' 2""",6.167,Right,Pitcher,true,AGU_VER,Verano-2025,,
657228.0,657228,"Jewell, Jake",1993-05-16,"6' 2""",6.167,Right,Pitcher,true,CHA_JAL1,Verano-2025,,
668665.0,668665,"Nogosek, Stephen",1995-01-11,"6' 2""",6.167,Right,Pitcher,true,DIA_ROJ,Verano-2025,,
572183.0,572183,"Swilley, Matthew",1990-12-19,"6' 2""",6.167,Right,Pitcher,true,DIA_ROJ,Verano-2025,,
666015.0,666015,"Villegas, Francisco",1997-08-31,"6' 2""",6.167,Left,Pitcher,true,GUE_MEX,Verano-2025,,
830596.0,830596,"Watanabe, Aki",2001-01-29,"6' 2""",6.167,Right,Pitcher,true,GUE_MEX,Verano-2025,,
657583.0,657583,"Gamez, Luis",1996-06-25,"6' 2""",6.167,Right,Pitcher,true,VAQ_LAG,Verano-2025,,
835592.0,835592,"Estrella, Fernando",2007-09-07,"6' 2""",6.167,Right,Pitcher,true,GEN_MEX,Verano-2025,,
668684.0,668684,"Tully, Tanner",1994-11-30,"6' 2""",6.167,Left,Pitcher,true,GEN_MEX,Verano-2025,,
600526.0,600526,"Torres, José",1993-09-24,"6' 2""",6.167,Left,Pitcher,true,VAQ_LAG,Verano-2025,,
683138.0,683138,"Lozano, Fernando",2000-01-11,"6' 2""",6.167,Right,Pitcher,true,PER_MEX,Verano-2025,,
681671.0,681671,"Leban, Zack",1996-05-30,"6' 2""",6.167,Right,Pitcher,true,SUL_MON,Verano-2025,,
455359.0,455359,"Lara, Orlando",1985-05-20,"6' 2""",6.167,Left,Pitcher,true,AGU_VER,Verano-2025,,
664069.0,664069,"Braymer, Ben",1994-04-28,"6' 2""",6.167,Left,Pitcher,true,TOR_TIJ,Verano-2025,,
572102.0,572102,"Sampson, Keyvius",1991-01-06,"6' 2""",6.167,Right,Pitcher,true,GEN_MEX,Verano-2025,,
660623.0,660623,"Ynoa, Huascar",1998-05-28,"6' 2""",6.167,Right,Pitcher,true,CON_QUE,Verano-2025,,
694657.0,694657,"Miley, Deylen",1998-01-25,"6' 2""",6.167,Right,Pitcher,true,REI_MEX,Verano-2025,,
666721.0,666721,"Castillo, Max",1999-05-04,"6' 2""",6.167,Right,Pitcher,true,DOR_CHI,Verano-2025,,
666672.0,666672,"Torres, Jojanse",1995-08-04,"6' 2""",6.167,Right,Pitcher,true,REI_MEX,Verano-2025,,
694787.0,694787,"Burnette, Jimmy",1998-10-19,"6' 2""",6.167,Left,Pitcher,true,REI_MEX,Verano-2025,,
595018.0,595018,"Van Meter, Joe",1988-10-18,"6' 2""",6.167,Right,Pitcher,true,OLM_MEX,Verano-2025,,
700315.0,700315,"Mares, Eduardo",2003-04-11,"6' 2""",6.167,Left,Pitcher,true,GUE_MEX,Verano-2025,,
671790.0,671790,"Bolaños, Ronald",1996-08-23,"6' 2""",6.167,Right,Pitcher,true,CON_QUE,Verano-2025,,
667050.0,667050,"Gavin, Grant",1995-07-10,"6' 2""",6.167,Right,Pitcher,true,VAQ_LAG,Verano-2025,,
663366.0,663366,"Burrows, Beau",1996-09-18,"6' 2""",6.167,Right,Pitcher,true,ROJ_MEX,Verano-2025,,
678414.0,678414,"Acosta, Felipe",2000-04-05,"6' 2""",6.167,Right,Pitcher,true,GEN_MEX,Verano-2025,,
642607.0,642607,"Agrazal, Dario",1994-12-28,"6' 2""",6.167,Right,Pitcher,true,LEO_MEX,Verano-2025,,
671111.0,671111,"Peralta, Sammy",1998-05-10,"6' 2""",6.167,Left,Pitcher,true,AGU_VER,Verano-2025,,
815458.0,815458,"Rodriguez, Sebastian",1999-10-06,"6' 2""",6.167,Right,Pitcher,true,DOR_CHI,Verano-2025,,
676720.0,676720,"Romero, Tommy",1997-07-08,"6' 2""",6.167,Right,Pitcher,true,GUE_MEX,Verano-2025,,
487019.0,487019,"Flores, Manuel",1986-02-20,"6' 2""",6.167,Right,Pitcher,true,DOR_CHI,Verano-2025,,
676265.0,676265,"Abbott, Cory",1995-09-20,"6' 2""",6.167,Right,Pitcher,true,ROJ_MEX,Verano-2025,,
803167.0,803167,"Lopez, Jonathan",2002-05-22,"6' 2""",6.167,Right,Pitcher,true,ACE_MEX,Verano-2025,,
664110.0,664110,"Quintero, Brandon",1994-02-02,"6' 2""",6.167,Right,Pitcher,true,LEO_MEX,Verano-2025,,
664054.0,664054,"Stashak, Cody",1994-06-04,"6' 2""",6.167,Right,Pitcher,true,PIR_MEX,Verano-2025,,
692389.0,692389,"Cervantes, Alejandro",2001-05-15,"6' 2""",6.167,Right,Pitcher,true,TOR_TIJ,Verano-2025,,
663467.0,663467,"Bilous, Jason",1997-08-11,"6' 2""",6.167,Right,Pitcher,true,ROJ_MEX,Verano-2025,,
676435.0,676435,"Cortijo, Harold",1998-09-29,"6' 2""",6.167,Right,Pitcher,true,PER_MEX,Verano-2025,,
616405.0,616405,"Meza, Mario",1990-11-24,"6' 3""",6.25,Right,Pitcher,true,SAR_SAL,Verano-2025,,
661255.0,661255,"López, Yoan",1993-01-02,"6' 3""",6.25,Right,Pitcher,true,VAQ_LAG,Verano-2025,,
669796.0,669796,"Hernandez, Jose E.",1997-12-31,"6' 3""",6.25,Left,Pitcher,true,TOR_TIJ,Verano-2025,,
650895.0,650895,"Castillo, Diego",1994-01-18,"6' 3""",6.25,Right,Pitcher,true,TOR_TIJ,Verano-2025,,
542669.0,542669,"Mendez, Roman",1990-07-25,"6' 3""",6.25,Right,Pitcher,true,CON_QUE,Verano-2025,,
691823.0,691823,"Bloch, Esteban",1999-08-06,"6' 3""",6.25,Right,Pitcher,true,GUE_MEX,Verano-2025,,
681407.0,681407,"Whitney, Blake",1996-05-25,"6' 3""",6.25,Right,Pitcher,true,GUE_MEX,Verano-2025,,
571704.0,571704,"Giles, Ken",1990-09-20,"6' 3""",6.25,Right,Pitcher,true,LEO_MEX,Verano-2025,,
680725.0,680725,"Goddard, Jackson",1996-12-12,"6' 3""",6.25,Right,Pitcher,true,ACE_MEX,Verano-2025,,
670404.0,670404,"Arias, Skylar",1997-06-30,"6' 3""",6.25,Left,Pitcher,true,ROJ_MEX,Verano-2025,,
642231.0,642231,"Yacabonis, Jimmy",1992-03-21,"6' 3""",6.25,Right,Pitcher,true,DIA_ROJ,Verano-2025,,
811370.0,811370,"Castillo, Enrique",1996-07-30,"6' 3""",6.25,Right,Pitcher,true,TIG_QUI,Verano-2025,,
675977.0,675977,"Strotman, Drew",1996-09-03,"6' 3""",6.25,Right,Pitcher,true,ROJ_MEX,Verano-2025,,
659275.0,659275,"Lamet, Dinelson",1992-07-18,"6' 3""",6.25,Right,Pitcher,true,AGU_VER,Verano-2025,,
656970.0,656970,"Smeltzer, Devin",1995-09-07,"6' 3""",6.25,Left,Pitcher,true,DOR_CHI,Verano-2025,,
605218.0,605218,"Edwards Jr., Carl",1991-09-03,"6' 3""",6.25,Right,Pitcher,true,TIG_QUI,Verano-2025,,
682027.0,682027,"Alldred, Cam",1996-07-25,"6' 3""",6.25,Left,Pitcher,true,SAR_SAL,Verano-2025,,
829258.0,829258,"Torres, Jose Gabriel",2000-09-05,"6' 3""",6.25,Right,Pitcher,true,LEO_MEX,Verano-2025,,
469134.0,469134,"Rogers, Esmil",1985-08-14,"6' 3""",6.25,Right,Pitcher,true,AGU_VER,Verano-2025,,
641849.0,641849,"McGarity, Aaron",1995-01-31,"6' 3""",6.25,Right,Pitcher,true,CHA_JAL1,Verano-2025,,
608648.0,608648,"Duffey, Tyler",1990-12-27,"6' 3""",6.25,Right,Pitcher,true,TOR_TIJ,Verano-2025,,
670288.0,670288,"Fishman, Jake",1995-02-08,"6' 3""",6.25,Left,Pitcher,true,TOR_TIJ,Verano-2025,,
608335.0,608335,"Funkhouser, Kyle",1994-03-16,"6' 3""",6.25,Right,Pitcher,true,GUE_MEX,Verano-2025,,
663793.0,663793,"Chalmers, Dakota",1996-10-08,"6' 3""",6.25,Right,Pitcher,true,CON_QUE,Verano-2025,,
814300.0,814300,"Cousin, Josimar",1998-02-18,"6' 3""",6.25,Right,Pitcher,true,REI_MEX,Verano-2025,,
669085.0,669085,"Scherff, Alex",1998-02-05,"6' 3""",6.25,Right,Pitcher,true,REI_MEX,Verano-2025,,
605521.0,605521,"Warren, Art",1993-03-23,"6' 3""",6.25,Right,Pitcher,true,ROJ_MEX,Verano-2025,,
660431.0,660431,"Perez, Hector",1996-06-06,"6' 3""",6.25,Right,Pitcher,true,GEN_MEX,Verano-2025,,
703716.0,703716,"Cervantes, Anibal",1996-12-17,"6' 3""",6.25,Right,Pitcher,true,SAR_SAL,Verano-2025,,
607457.0,607457,"Barraclough, Kyle",1990-05-23,"6' 3""",6.25,Right,Pitcher,true,GUE_MEX,Verano-2025,,
593619.0,593619,"Tapia, Domingo",1991-08-04,"6' 3""",6.25,Right,Pitcher,true,DIA_ROJ,Verano-2025,,
835315.0,835315,"Serna, Diego",2009-03-22,"6' 3""",6.25,Right,Pitcher,false,LEO_MEX,Verano-2025,,
682779.0,682779,"Luna, Jose",1998-12-02,"6' 3""",6.25,Right,Pitcher,true,LEO_MEX,Verano-2025,,
666208.0,666208,"Speas, Alex",1998-03-04,"6' 3""",6.25,Right,Pitcher,true,DIA_ROJ,Verano-2025,,
622459.0,622459,"Alvarado, Cristian",1994-09-20,"6' 3""",6.25,Right,Pitcher,true,GUE_MEX,Verano-2025,,
670056.0,670056,"Baragar, Caleb",1994-04-09,"6' 3""",6.25,Left,Pitcher,true,TOR_TIJ,Verano-2025,,
690281.0,690281,"Denlinger, Theo",1996-07-10,"6' 3""",6.25,Right,Pitcher,true,ROJ_MEX,Verano-2025,,
628709.0,628709,"Gómez, Ofreidy",1995-07-06,"6' 3""",6.25,Right,Pitcher,true,CON_QUE,Verano-2025,,
663989.0,663989,"Vespi, Nick",1995-10-10,"6' 3""",6.25,Left,Pitcher,true,DIA_ROJ,Verano-2025,,
623354.0,623354,"Zamora, Daniel",1993-04-15,"6' 3""",6.25,Left,Pitcher,true,TOR_TIJ,Verano-2025,,
623985.0,623985,"Chavez, Manuel",1993-11-22,"6' 3""",6.25,Left,Pitcher,true,GEN_MEX,Verano-2025,,
692983.0,692983,"Montilla, Emailin",1995-10-02,"6' 3""",6.25,Left,Pitcher,true,PER_MEX,Verano-2025,,
682489.0,682489,"Record, Joe",1995-01-12,"6' 3""",6.25,Right,Pitcher,true,PIR_MEX,Verano-2025,,
663336.0,663336,"Shortridge, Aaron",1997-05-29,"6' 3""",6.25,Right,Pitcher,true,BRA_MEX,Verano-2025,,
641750.0,641750,"Kiest, Tanner",1994-09-16,"6' 3""",6.25,Right,Pitcher,true,LEO_MEX,Verano-2025,,
607588.0,607588,"Johnson, Jordan",1993-09-15,"6' 3""",6.25,Right,Pitcher,true,REI_MEX,Verano-2025,,
657096.0,657096,"Webb, Braden",1995-04-25,"6' 3""",6.25,Right,Pitcher,true,GEN_MEX,Verano-2025,,
664092.0,664092,"Poppen, Sean",1994-03-15,"6' 3""",6.25,Right,Pitcher,true,ROJ_MEX,Verano-2025,,
643588.0,643588,"Viza, Tyler",1994-10-21,"6' 3""",6.25,Right,Pitcher,true,CON_QUE,Verano-2025,,
681401.0,681401,"Green, Josh",1995-08-31,"6' 3""",6.25,Right,Pitcher,true,CHA_JAL1,Verano-2025,,
643532.0,643532,"Sharp, Sterling",1995-05-30,"6' 3""",6.25,Right,Pitcher,true,DOR_CHI,Verano-2025,,
596720.0,596720,"Neverauskas, Dovydas",1993-01-14,"6' 3""",6.25,Right,Pitcher,true,CHA_JAL1,Verano-2025,,
682255.0,682255,"Mayberry, Seth",2000-06-22,"6' 3""",6.25,Right,Pitcher,true,PIR_MEX,Verano-2025,,
642657.0,642657,"Ogando, Cristofer",1993-10-23,"6' 3""",6.25,Right,Pitcher,true,GEN_MEX,Verano-2025,,
622353.0,622353,"Santos, Ramon",1994-09-20,"6' 3""",6.25,Right,Pitcher,true,REI_MEX,Verano-2025,,
802949.0,802949,"Zhang, Yanlun",1997-12-16,"6' 3""",6.25,Right,Pitcher,true,DOR_CHI,Verano-2025,,
607162.0,607162,"Garcia, Onelki",1989-08-02,"6' 3""",6.25,Left,Pitcher,true,PIR_MEX,Verano-2025,,
683676.0,683676,"Cortorreal, Aneudy",1999-12-13,"6' 3""",6.25,Right,Pitcher,true,ACE_MEX,Verano-2025,,
688953.0,688953,"Brigden, Trevor",1995-09-20,"6' 3""",6.25,Right,Pitcher,true,BRA_MEX,Verano-2025,,
676785.0,676785,"Conley, Bryce",1994-08-22,"6' 3""",6.25,Right,Pitcher,true,CHA_JAL1,Verano-2025,,
806628.0,806628,"Bustamante, Alex",2000-06-22,"6' 3""",6.25,Right,Pitcher,true,CHA_JAL1,Verano-2025,,
668605.0,668605,"Solter, Matt",1993-06-04,"6' 3""",6.25,Right,Pitcher,true,TOR_TIJ,Verano-2025,,
665890.0,665890,"Matias, Seuly",1998-09-04,"6' 3""",6.25,Right,Outfield,true,DOR_CHI,Verano-2025,,
641300.0,641300,"Aleaziz, Reza",1995-07-11,"6' 4""",6.333,Right,Pitcher,true,GUE_MEX,Verano-2025,,
681871.0,681871,"Villalobos, Eli",1997-06-26,"6' 4""",6.333,Right,Pitcher,true,DOR_CHI,Verano-2025,,
676766.0,676766,"Snyder, Nick",1995-10-10,"6' 4""",6.333,Right,Pitcher,true,VAQ_LAG,Verano-2025,,
622772.0,622772,"Cordero, Jimmy",1991-10-19,"6' 4""",6.333,Right,Pitcher,true,OLM_MEX,Verano-2025,,
605301.0,605301,"Jerez, Williams",1992-05-16,"6' 4""",6.333,Left,Pitcher,true,PER_MEX,Verano-2025,,
595798.0,595798,"Alaniz, R.J.",1991-06-14,"6' 4""",6.333,Right,Pitcher,true,ACE_MEX,Verano-2025,,
644396.0,644396,"Ledo, Luis",1995-05-28,"6' 4""",6.333,Right,Pitcher,true,OLM_MEX,Verano-2025,,
594056.0,594056,"Guduan, Reymin",1992-03-16,"6' 4""",6.333,Left,Pitcher,true,CON_QUE,Verano-2025,,
802591.0,802591,"Antone, Nate",1991-07-15,"6' 4""",6.333,Right,Pitcher,true,ROJ_MEX,Verano-2025,,
598286.0,598286,"Ramirez, Nick",1989-08-01,"6' 4""",6.333,Left,Pitcher,true,ROJ_MEX,Verano-2025,,
660674.0,660674,"Guerrero, Alberto",1997-12-13,"6' 4""",6.333,Right,Pitcher,true,BRA_MEX,Verano-2025,,
691388.0,691388,"Garibay, Jonas",2000-06-07,"6' 4""",6.333,Right,Pitcher,true,BRA_MEX,Verano-2025,,
621103.0,621103,"Stankiewicz, Teddy",1993-11-25,"6' 4""",6.333,Right,Pitcher,true,TOR_TIJ,Verano-2025,,
676689.0,676689,"Karcher, Ricky",1997-09-18,"6' 4""",6.333,Right,Pitcher,true,SAR_SAL,Verano-2025,,
605156.0,605156,"Brooks, Aaron",1990-04-27,"6' 4""",6.333,Right,Pitcher,true,GEN_MEX,Verano-2025,,
665963.0,665963,"Henry, Henry",1998-12-17,"6' 4""",6.333,Right,Pitcher,true,AGU_VER,Verano-2025,,
676951.0,676951,"Minier, Greg",1995-09-22,"6' 4""",6.333,Left,Pitcher,true,CHA_JAL1,Verano-2025,,
593417.0,593417,"Alcántara, Raúl",1992-12-04,"6' 4""",6.333,Right,Pitcher,true,LEO_MEX,Verano-2025,,
592165.0,592165,"Brennan, Brandon",1991-07-26,"6' 4""",6.333,Right,Pitcher,true,ROJ_MEX,Verano-2025,,
664682.0,664682,"Meisinger, Ryan",1994-05-04,"6' 4""",6.333,Right,Pitcher,true,AGU_VER,Verano-2025,,
682494.0,682494,"McGrane, Jameson",1992-06-25,"6' 4""",6.333,Right,Pitcher,true,ACE_MEX,Verano-2025,,
678840.0,678840,"Robles, Benony",2000-10-01,"6' 4""",6.333,Left,Pitcher,true,OLM_MEX,Verano-2025,,
668711.0,668711,"Bennett, Nick",1997-09-01,"6' 4""",6.333,Left,Pitcher,true,VAQ_LAG,Verano-2025,,
664301.0,664301,"Charles, Wandisson",1996-09-07,"6' 4""",6.333,Right,Pitcher,true,CON_QUE,Verano-2025,,
623441.0,623441,"Wilson, Jared",1990-04-26,"6' 4""",6.333,Right,Pitcher,true,TOR_TIJ,Verano-2025,,
593144.0,593144,"Rodríguez, Richard",1990-03-04,"6' 4""",6.333,Right,Pitcher,true,SUL_MON,Verano-2025,,
703710.0,703710,"Thompson, Darrell",1994-04-27,"6' 4""",6.333,Left,Pitcher,true,PIR_MEX,Verano-2025,,
679215.0,679215,"Ortiz, Estalin",1998-11-20,"6' 4""",6.333,Left,Pitcher,true,ACE_MEX,Verano-2025,,
669697.0,669697,"Schultz, Andrew",1997-07-31,"6' 4""",6.333,Right,Pitcher,true,REI_MEX,Verano-2025,,
592288.0,592288,"Emanuel, Kent",1992-06-04,"6' 4""",6.333,Left,Pitcher,true,DIA_ROJ,Verano-2025,,
597113.0,597113,"Johnson, DJ",1989-08-30,"6' 4""",6.333,Right,Pitcher,true,TIG_QUI,Verano-2025,,
593140.0,593140,"Feliz, Michael",1993-06-28,"6' 4""",6.333,Right,Pitcher,true,LEO_MEX,Verano-2025,,
687956.0,687956,"Francisco, Carlos A.",1999-07-02,"6' 4""",6.333,Right,Pitcher,true,CHA_JAL1,Verano-2025,,
835985.0,835985,"Miller, Brady",1999-10-19,"6' 4""",6.333,Right,Pitcher,true,ACE_MEX,Verano-2025,,
607188.0,607188,"Faria, Jake",1993-07-30,"6' 4""",6.333,Right,Pitcher,true,GUE_MEX,Verano-2025,,
672839.0,672839,"Morales, Francisco",1999-10-27,"6' 4""",6.333,Right,Pitcher,true,ACE_MEX,Verano-2025,,
656889.0,656889,"Rhoades, Jeremy",1993-02-12,"6' 4""",6.333,Right,Pitcher,true,ACE_MEX,Verano-2025,,
521655.0,521655,"Font, Wilmer",1990-05-24,"6' 4""",6.333,Right,Pitcher,true,DIA_ROJ,Verano-2025,,
641461.0,641461,"Clifton, Trevor",1995-05-11,"6' 4""",6.333,Right,Pitcher,true,CHA_JAL1,Verano-2025,,
669183.0,669183,"Gambrell, Grant",1997-11-21,"6' 4""",6.333,Right,Pitcher,true,OLM_MEX,Verano-2025,,
815275.0,815275,"Bermudez, Gael",2004-12-03,"6' 4""",6.333,Right,Pitcher,true,TIG_QUI,Verano-2025,,
669804.0,669804,"Jesus, Angel De",1997-02-13,"6' 4""",6.333,Right,Pitcher,true,REI_MEX,Verano-2025,,
621343.0,621343,"Tenuta, Matt",1993-12-16,"6' 4""",6.333,Left,Pitcher,true,VAQ_LAG,Verano-2025,,
672755.0,672755,"Acosta, Aldry",1999-09-07,"6' 4""",6.333,Right,Pitcher,true,AGU_VER,Verano-2025,,
543594.0,543594,"Nolin, Sean",1989-12-26,"6' 4""",6.333,Left,Pitcher,true,PIR_MEX,Verano-2025,,
805715.0,805715,"Castaneda, Rafael",2004-05-18,"6' 4""",6.333,Right,Pitcher,true,TOR_TIJ,Verano-2025,,
656798.0,656798,"Nix, Jacob",1996-01-09,"6' 4""",6.333,Right,Pitcher,true,ROJ_MEX,Verano-2025,,
621079.0,621079,"Wiles, Collin",1994-05-30,"6' 4""",6.333,Right,Pitcher,true,BRA_MEX,Verano-2025,,
683014.0,683014,"Guasch, Richard",1998-04-10,"6' 4""",6.333,Right,Pitcher,true,REI_MEX,Verano-2025,,
571736.0,571736,"Hall, Brooks",1990-06-26,"6' 5""",6.417,Right,Pitcher,true,DIA_ROJ,Verano-2025,,
681826.0,681826,"DuBord, Alex",1996-12-04,"6' 5""",6.417,Right,Pitcher,true,TOR_TIJ,Verano-2025,,
500610.0,500610,"Guerra, Deolis",1989-04-17,"6' 5""",6.417,Right,Pitcher,true,DIA_ROJ,Verano-2025,,
663723.0,663723,"West, Derek",1996-12-02,"6' 5""",6.417,Right,Pitcher,true,LEO_MEX,Verano-2025,,
670405.0,670405,"Young, Christian",1996-05-19,"6' 5""",6.417,Right,Pitcher,true,ACE_MEX,Verano-2025,,
594029.0,594029,"Rodriguez, Bryan",1991-07-06,"6' 5""",6.417,Right,Pitcher,true,TOR_TIJ,Verano-2025,,
691839.0,691839,"Jones, Joe",1995-07-22,"6' 5""",6.417,Right,Pitcher,true,PER_MEX,Verano-2025,,
676726.0,676726,"Muller, Chris",1996-04-22,"6' 5""",6.417,Right,Pitcher,true,ACE_MEX,Verano-2025,,
543934.0,543934,"Wilson, Tyler",1989-12-24,"6' 5""",6.417,Right,Pitcher,false,REI_MEX,Verano-2025,,
592709.0,592709,"Rutckyj, Evan",1992-01-31,"6' 5""",6.417,Left,Pitcher,true,TIG_QUI,Verano-2025,,
622609.0,622609,"Villarroel, Hector",1995-08-12,"6' 5""",6.417,Left,Pitcher,true,PER_MEX,Verano-2025,,
668720.0,668720,"Peterson, Todd",1998-01-22,"6' 5""",6.417,Right,Pitcher,true,DOR_CHI,Verano-2025,,
670154.0,670154,"Blackwood, Nolan",1995-03-16,"6' 5""",6.417,Right,Pitcher,true,OLM_MEX,Verano-2025,,
663778.0,663778,"Bordner, Sam",1996-10-16,"6' 5""",6.417,Right,Pitcher,true,ROJ_MEX,Verano-2025,,
595939.0,595939,"Ellis, Chris",1992-09-22,"6' 5""",6.417,Right,Pitcher,true,SUL_MON,Verano-2025,,
663642.0,663642,"Smith, Josh",1997-02-05,"6' 5""",6.417,Left,Pitcher,true,BRA_MEX,Verano-2025,,
681808.0,681808,"Vallimont, Chris",1997-03-18,"6' 5""",6.417,Right,Pitcher,true,BRA_MEX,Verano-2025,,
607219.0,607219,"Romano, Sal",1993-10-12,"6' 5""",6.417,Right,Pitcher,true,GUE_MEX,Verano-2025,,
676606.0,676606,"Margevicius, Nick",1996-06-18,"6' 5""",6.417,Left,Pitcher,true,ROJ_MEX,Verano-2025,,
694300.0,694300,"Barringer, Shane",1998-05-23,"6' 5""",6.417,Left,Pitcher,true,REI_MEX,Verano-2025,,
624427.0,624427,"Gonsalves, Stephen",1994-07-08,"6' 5""",6.417,Left,Pitcher,true,CHA_JAL1,Verano-2025,,
676084.0,676084,"Bremer, Noah",1996-05-13,"6' 5""",6.417,Right,Pitcher,true,REI_MEX,Verano-2025,,
676337.0,676337,"Higgins, Connor",1996-07-21,"6' 5""",6.417,Left,Pitcher,true,TIG_QUI,Verano-2025,,
694756.0,694756,"Woodward, J.P.",1998-11-13,"6' 6""",6.5,Left,Pitcher,true,GUE_MEX,Verano-2025,,
607755.0,607755,"Vasquez, Andrew",1993-09-14,"6' 6""",6.5,Left,Pitcher,true,ROJ_MEX,Verano-2025,,
642601.0,642601,"Cruz, Oscar De La",1995-03-04,"6' 6""",6.5,Right,Pitcher,true,REI_MEX,Verano-2025,,
650496.0,650496,"Mejía, J.C.",1996-08-26,"6' 6""",6.5,Right,Pitcher,true,DIA_ROJ,Verano-2025,,
622256.0,622256,"Weigel, Patrick",1994-07-08,"6' 6""",6.5,Right,Pitcher,true,SAR_SAL,Verano-2025,,
624586.0,624586,"Hoyt, James",1986-09-30,"6' 6""",6.5,Right,Pitcher,true,PIR_MEX,Verano-2025,,
686842.0,686842,"Moore, McKinley",1998-08-24,"6' 6""",6.5,Right,Pitcher,true,CHA_JAL1,Verano-2025,,
681473.0,681473,"McKay, Tyler",1997-08-18,"6' 6""",6.5,Right,Pitcher,true,PER_MEX,Verano-2025,,
663684.0,663684,"Wolf, Adam",1996-12-26,"6' 6""",6.5,Left,Pitcher,true,BRA_MEX,Verano-2025,,
656382.0,656382,"Doyle, Tommy",1996-05-01,"6' 6""",6.5,Right,Pitcher,true,LEO_MEX,Verano-2025,,
679013.0,679013,"Tavarez, Sammy",1998-10-20,"6' 7""",6.583,Right,Pitcher,true,BRA_MEX,Verano-2025,,
643615.0,643615,"Zeuch, T.J.",1995-08-01,"6' 7""",6.583,Right,Pitcher,true,PIR_MEX,Verano-2025,,
592712.0,592712,"Sadzeck, Connor",1991-10-01,"6' 7""",6.583,Right,Pitcher,true,ROJ_MEX,Verano-2025,,
656726.0,656726,"McWilliams, Sam",1995-09-04,"6' 7""",6.583,Right,Pitcher,true,TOR_TIJ,Verano-2025,,
642758.0,642758,"Acevedo, Domingo",1994-03-06,"6' 7""",6.583,Right,Pitcher,true,PIR_MEX,Verano-2025,,
681229.0,681229,"Smith, Jacob",1999-12-29,"6' 7""",6.583,Left,Pitcher,true,TIG_QUI,Verano-2025,,
656647.0,656647,"Lehman, Taylor",1995-12-30,"6' 8""",6.667,Left,Pitcher,true,GUE_MEX,Verano-2025,,
673258.0,673258,"Baez, Michel",1996-01-21,"6' 8""",6.667,Right,Pitcher,true,CON_QUE,Verano-2025,,
664573.0,664573,"Nunez, Oddy",1996-12-20,"6' 8""",6.667,Left,Pitcher,true,SAR_SAL,Verano-2025,,
446185.0,446185,"Ondrusek, Logan",1985-02-13,"6' 8""",6.667,Right,Pitcher,false,LEO_MEX,Verano-2025,,
629498.0,629498,"Quezada, Johan",1994-08-25,"6' 9""",6.75,Right,Pitcher,true,GUE_MEX,Verano-2025,,
827757.0,827757,"Rangel, Joel",2006-11-08,N/A,0.0,Right,Unknown,true,VAQ_LAG,Verano-2025,,
807698.0,807698,"Guzman, Jose",2002-10-10,N/A,0.0,Right,Pitcher,true,PER_MEX,Verano-2025,,